<?xml version="1.0" encoding="utf-8" ?>
<Defs>

  <WorkGiverDef>
    <defName>DisenchantCard</defName>
	<label>disenchant RimCard</label>
    <giverClass>WorkGiver_DoBill</giverClass>
    <workType>Crafting</workType>
	<priorityInType>110</priorityInType>
	<fixedBillGiverDefs>
		<li>DisenchantingRimcardTable</li>
	</fixedBillGiverDefs>
	<verb>Craft</verb>
    <gerund>Crafting</gerund>
    <requiredCapacities>
		<li>Manipulation</li>
	</requiredCapacities>
	<prioritizeSustains>true</prioritizeSustains>
  </WorkGiverDef>
  
  <WorkGiverDef>
    <defName>CraftCard</defName>
	<label>craft RimCard</label>
    <giverClass>WorkGiver_DoBill</giverClass>
    <workType>Crafting</workType>
	<priorityInType>110</priorityInType>
	<fixedBillGiverDefs>
		<li>CraftingRimcardTable</li>
	</fixedBillGiverDefs>
	<verb>Craft</verb>
    <gerund>Crafting</gerund>
    <requiredCapacities>
		<li>Manipulation</li>
	</requiredCapacities>
	<prioritizeSustains>true</prioritizeSustains>
  </WorkGiverDef>
  
</Defs>